ks_stat,ks_p,mw_u,mw_p,n_sdg6,n_sdg7,mean_sdg6,mean_sdg7
0.3236363636363636,6.0058786781969976e-09,11583.0,4.582486631158197e-08,150,231,0.011301289371134398,0.03977329767134894
